dimension,label,all_peak_minute_start_local,all_peak_minute_count,webspace_write_peak_minute_start_local,webspace_write_peak_minute_count
url_tenant,%7B%7Bwaas_tenant%7D%7D,2026-09-24T15:32:00+02:00,1,,0
url_tenant,(no tenant in URL),2026-09-28T09:02:00+02:00,69,,0
url_tenant,Domains,2026-09-26T15:11:00+02:00,856,,0
url_tenant,EShopOneAndOne,2026-09-29T14:46:00+02:00,43,,0
url_tenant,OneAndOne,2026-09-24T19:17:00+02:00,2151,2026-09-24T08:36:00+02:00,582
url_tenant,QA_WHIC,2026-09-24T04:27:00+02:00,1,2026-09-24T04:27:00+02:00,1
url_tenant,UDAG,2026-09-24T10:19:00+02:00,621,2026-09-25T23:45:00+02:00,27
url_tenant,WhicQAdnd,2026-09-24T03:26:00+02:00,69,2026-09-24T03:26:00+02:00,20
url_tenant,autodeploy_mon_whic,2026-09-29T13:30:00+02:00,335,,0
url_tenant,base_arsys,2026-09-24T21:38:00+02:00,184,,0
url_tenant,base_fasthosts,2026-09-24T21:37:00+02:00,584,2026-09-24T08:27:00+02:00,22
url_tenant,base_gmxde,2026-09-28T10:51:00+02:00,181,2026-09-27T05:00:00+02:00,68
url_tenant,base_homepl,2026-09-28T07:45:00+02:00,133,2026-09-24T14:46:00+02:00,1
url_tenant,base_ionoscloud,2026-09-25T08:38:00+02:00,166,,0
url_tenant,base_piensa,2026-09-24T08:20:00+02:00,240,2026-09-24T08:25:00+02:00,33
url_tenant,base_strato,2026-09-25T22:22:00+02:00,2580,2026-09-25T11:19:00+02:00,6
url_tenant,base_webde,2026-09-25T14:09:00+02:00,248,2026-09-26T05:02:00+02:00,76
url_tenant,base_worldforyou,2026-09-25T11:48:00+02:00,1477,,0
url_tenant,dnd_qa_whic,2026-09-25T12:18:00+02:00,210,2026-09-24T03:27:00+02:00,12
url_tenant,dns-tokens,2026-09-24T12:41:00+02:00,299,,0
url_tenant,gitspace_oneandone,2026-09-28T04:21:00+02:00,42,2026-09-28T04:21:00+02:00,33
url_tenant,ionos_sfs,2026-09-24T16:23:00+02:00,46,,0
url_tenant,mgmt,2026-09-28T19:05:00+02:00,919,,0
url_tenant,mws8_oneandone,2026-09-26T06:06:00+02:00,340,2026-09-26T06:06:00+02:00,136
url_tenant,qa_whic,2026-09-27T04:26:00+02:00,1176,2026-09-25T04:26:00+02:00,237
url_tenant,sandbox_arsys,2026-09-24T04:04:00+02:00,42,2026-09-24T05:27:00+02:00,1
url_tenant,sandbox_fasthosts,2026-09-24T04:04:00+02:00,61,2026-09-24T04:04:00+02:00,9
url_tenant,sandbox_gitspace_oneandone,2026-09-28T15:12:00+02:00,7,,0
url_tenant,sandbox_gmxde,2026-09-24T07:53:00+02:00,44,2026-09-24T07:53:00+02:00,4
url_tenant,sandbox_homepl,2026-09-28T11:45:00+02:00,67,,0
url_tenant,sandbox_ionoscloud,2026-09-26T03:09:00+02:00,43,,0
url_tenant,sandbox_mws8_oneandone,2026-09-24T11:21:00+02:00,24,2026-09-25T14:11:00+02:00,9
url_tenant,sandbox_oneandone,2026-09-24T07:54:00+02:00,53,2026-09-24T04:04:00+02:00,8
url_tenant,sandbox_piensa,2026-09-24T20:06:00+02:00,58,2026-09-24T08:14:00+02:00,3
url_tenant,sandbox_qa_whic,2026-09-30T04:26:00+02:00,384,2026-09-24T04:26:00+02:00,95
url_tenant,sandbox_shl_to,2026-09-23T15:07:00+02:00,11,,0
url_tenant,sandbox_trinity_hosting,2026-09-24T15:24:00+02:00,4,,0
url_tenant,sandbox_udag,2026-09-25T18:57:00+02:00,137,2026-09-24T08:04:00+02:00,3
url_tenant,sandbox_webde,2026-09-24T05:48:00+02:00,45,2026-09-24T05:48:00+02:00,6
url_tenant,sandbox_wordpress_whic,2026-09-24T04:10:00+02:00,170,2026-09-24T04:06:00+02:00,64
url_tenant,sandbox_worldforyou,2026-09-29T08:52:00+02:00,54,,0
url_tenant,stack-instances,2026-09-23T20:21:00+02:00,7,,0
url_tenant,strato_sfs,2026-09-27T10:58:00+02:00,13,,0
url_tenant,trial_sfs,2026-09-24T15:58:00+02:00,40,,0
url_tenant,trial_strato,2026-09-24T10:19:00+02:00,93,2026-09-25T04:02:00+02:00,1
url_tenant,trinity_hosting,2026-09-24T16:01:00+02:00,2,,0
auth_identity,/,2026-09-24T14:07:00+02:00,1,,0
auth_identity,/<user not set>,2026-09-30T04:26:00+02:00,485,2026-09-24T04:26:00+02:00,100
auth_identity,/parsyswaaspro,2026-09-24T11:04:00+02:00,2,,0
auth_identity,/pfhhostingprod,2026-09-26T01:04:00+02:00,4,,0
auth_identity,/pfhhostingtest,2026-09-25T21:44:00+02:00,2,,0
auth_identity,/phowhicadminmwprd,2026-09-24T04:25:00+02:00,48,,0
auth_identity,/phowhicprd,2026-09-30T04:38:00+02:00,28,2026-09-24T04:27:00+02:00,1
auth_identity,/ppiensawaaspro,2026-09-29T14:53:00+02:00,4,,0
auth_identity,Domains/pdnsarsyswaasprod,2026-09-26T16:19:00+02:00,144,,0
auth_identity,Domains/pdnspiensawaasprod,2026-09-25T12:06:00+02:00,110,,0
auth_identity,Domains/pdnswaasprod,2026-09-26T15:11:00+02:00,1289,,0
auth_identity,Domains/photlwaascheckprd,2026-09-24T08:14:00+02:00,58,,0
auth_identity,Domains/photonosuplegdomprd,2026-09-29T14:22:00+02:00,2,,0
auth_identity,EShopOneAndOne/photniomwsprod,2026-09-29T14:46:00+02:00,43,,0
auth_identity,OneAndOne/phosmwpionosprd,2026-09-25T05:22:00+02:00,434,2026-09-24T07:52:00+02:00,247
auth_identity,OneAndOne/phosmwpionosprdbap,2026-09-24T08:29:00+02:00,560,2026-09-24T08:36:00+02:00,335
auth_identity,OneAndOne/phosspacecapiprd,2026-09-29T22:51:00+02:00,84,,0
auth_identity,OneAndOne/photbackupmwprd,2026-09-25T15:08:00+02:00,45,2026-09-24T20:46:00+02:00,5
auth_identity,OneAndOne/pwhpsswaasprod,2026-09-24T14:18:00+02:00,1679,2026-09-27T13:22:00+02:00,350
auth_identity,UDAG/phosmwpudagprd,2026-09-24T10:19:00+02:00,425,,0
auth_identity,UDAG/phosmwpudagprdbap,2026-09-24T14:57:00+02:00,114,,0
auth_identity,UDAG/photnwudagprd,2026-09-25T23:45:00+02:00,349,2026-09-25T23:45:00+02:00,27
auth_identity,WhicQAdnd/phowhicdndprd,2026-09-24T03:26:00+02:00,69,2026-09-24T03:26:00+02:00,20
auth_identity,WhicQAdnd/phowhicprd,2026-09-24T04:25:00+02:00,1,,0
auth_identity,autodeploy_mon_whic/pwaasautodeploy,2026-09-29T13:30:00+02:00,335,,0
auth_identity,autodeploy_mon_whic/pwaasautodeploypre,2026-09-23T11:12:00+02:00,20,,0
auth_identity,base_arsys/parsyswaaspro,2026-09-26T23:19:00+02:00,15,,0
auth_identity,base_arsys/phosmwpsysbap,2026-09-24T21:38:00+02:00,92,,0
auth_identity,base_arsys/phosmwpsysprd,2026-09-24T21:38:00+02:00,92,,0
auth_identity,base_fasthosts/pfhhostingprod,2026-09-28T13:45:00+02:00,379,2026-09-27T22:51:00+02:00,6
auth_identity,base_fasthosts/phosmwpfasthprd,2026-09-24T08:20:00+02:00,134,2026-09-24T07:47:00+02:00,10
auth_identity,base_fasthosts/phosmwpfasthprdbap,2026-09-24T08:26:00+02:00,141,2026-09-24T08:27:00+02:00,13
auth_identity,base_gmxde/phosmamdomprd,2026-09-28T10:51:00+02:00,169,2026-09-27T05:00:00+02:00,68
auth_identity,base_gmxde/phosmwpgmxprd,2026-09-25T12:50:00+02:00,74,2026-09-25T12:50:00+02:00,6
auth_identity,base_gmxde/phosmwpgmxprdbap,2026-09-25T12:50:00+02:00,71,2026-09-28T12:41:00+02:00,4
auth_identity,base_homepl/phosmwphomeplbap,2026-09-28T07:45:00+02:00,71,2026-09-26T13:34:00+02:00,1
auth_identity,base_homepl/phosmwphomeplprd,2026-09-28T07:45:00+02:00,62,2026-09-24T14:46:00+02:00,1
auth_identity,base_homepl/photnhomepl1prd,2026-09-28T07:46:00+02:00,20,,0
auth_identity,base_ionoscloud/pstncdnwafwaasprod,2026-09-25T08:38:00+02:00,166,,0
auth_identity,base_piensa/phosmwppiensaprd,2026-09-24T08:37:00+02:00,119,2026-09-24T08:34:00+02:00,17
auth_identity,base_piensa/phosmwppiensaprdbap,2026-09-24T08:25:00+02:00,170,2026-09-24T08:25:00+02:00,28
auth_identity,base_piensa/ppiensawaaspro,2026-09-24T16:37:00+02:00,14,2026-09-24T10:31:00+02:00,4
auth_identity,base_strato/phosmwpstratobap,2026-09-28T14:00:00+02:00,130,,0
auth_identity,base_strato/phosmwpstratoprd,2026-09-24T08:26:00+02:00,337,,0
auth_identity,base_strato/pstratoswhp,2026-09-25T22:22:00+02:00,3360,2026-09-25T11:19:00+02:00,6
auth_identity,base_webde/phosmamdomprd,2026-09-25T14:09:00+02:00,193,2026-09-26T05:02:00+02:00,75
auth_identity,base_webde/phosmwpwebdeprd,2026-09-24T08:23:00+02:00,58,2026-09-24T07:54:00+02:00,5
auth_identity,base_webde/phosmwpwebdeprdbap,2026-09-24T08:04:00+02:00,59,2026-09-24T07:48:00+02:00,4
auth_identity,base_worldforyou/photnw4ywaasprod,2026-09-25T11:48:00+02:00,1459,,0
auth_identity,dnd_qa_whic/phowhicprd,2026-09-25T12:18:00+02:00,210,2026-09-24T03:27:00+02:00,12
auth_identity,gitspace_oneandone/pbtionosspaceprod,2026-09-28T04:21:00+02:00,42,2026-09-28T04:21:00+02:00,33
auth_identity,ionos_sfs/photnsfsionosprd,2026-09-29T16:59:00+02:00,41,,0
auth_identity,ionos_sfs/photnsfsionosspcman,2026-09-24T16:23:00+02:00,15,,0
auth_identity,mws8_oneandone/photniomwsprod,2026-09-26T06:06:00+02:00,408,2026-09-26T06:06:00+02:00,136
auth_identity,qa_whic/phosbenchmarkprd,2026-09-24T20:39:00+02:00,160,2026-09-29T13:01:00+02:00,3
auth_identity,qa_whic/phosstackcleanupprd,2026-09-26T04:05:00+02:00,96,,0
auth_identity,qa_whic/phowhicadminmwprd,2026-09-24T04:27:00+02:00,4,,0
auth_identity,qa_whic/phowhicprd,2026-09-26T20:16:00+02:00,1075,2026-09-30T04:26:00+02:00,172
auth_identity,qa_whic/phowhicprd2nd,2026-09-24T04:27:00+02:00,3,,0
auth_identity,qa_whic/phowhicrdrprd,2026-09-27T04:27:00+02:00,86,2026-09-24T04:26:00+02:00,20
auth_identity,sandbox_arsys/phosmwpsyssndbprd,2026-09-24T04:04:00+02:00,42,2026-09-24T05:27:00+02:00,1
auth_identity,sandbox_fasthosts/pfhhostingtest,2026-09-25T15:15:00+02:00,10,,0
auth_identity,sandbox_fasthosts/phosmwpfasthsndbbap,2026-09-25T15:12:00+02:00,24,2026-09-24T18:20:00+02:00,1
auth_identity,sandbox_fasthosts/phosmwpfasthsndbprd,2026-09-24T04:00:00+02:00,35,2026-09-24T04:04:00+02:00,9
auth_identity,sandbox_fasthosts/phosstackcleanupprd,2026-09-29T12:48:00+02:00,1,,0
auth_identity,sandbox_gitspace_oneandone/pbtionosspaceac1,2026-09-28T15:12:00+02:00,7,,0
auth_identity,sandbox_gitspace_oneandone/phosstackcleanupprd,2026-09-28T10:36:00+02:00,3,,0
auth_identity,sandbox_gmxde/phosmwpgmxsndbbap,2026-09-24T08:37:00+02:00,23,2026-09-24T07:53:00+02:00,3
auth_identity,sandbox_gmxde/phosmwpgmxsndbprd,2026-09-24T07:53:00+02:00,22,2026-09-24T08:11:00+02:00,2
auth_identity,sandbox_homepl/phosmwphoplsndbbap,2026-09-28T11:45:00+02:00,33,,0
auth_identity,sandbox_homepl/phosmwphoplsndbprd,2026-09-28T11:45:00+02:00,34,,0
auth_identity,sandbox_homepl/phosstackcleanupprd,2026-09-28T14:58:00+02:00,1,,0
auth_identity,sandbox_ionoscloud/pstncdnwafwaasprod,2026-09-26T03:09:00+02:00,43,,0
auth_identity,sandbox_mws8_oneandone/phosstackcleanupprd,2026-09-24T09:51:00+02:00,1,,0
auth_identity,sandbox_mws8_oneandone/photniomwsprod,2026-09-24T11:21:00+02:00,24,2026-09-25T14:11:00+02:00,9
auth_identity,sandbox_oneandone/phosmwpionossndbbap,2026-09-24T07:45:00+02:00,26,2026-09-24T08:22:00+02:00,4
auth_identity,sandbox_oneandone/phosmwpionossndbprd,2026-09-24T07:54:00+02:00,30,2026-09-24T04:04:00+02:00,8
auth_identity,sandbox_piensa/phosmwppiensasbxbap,2026-09-24T08:02:00+02:00,28,2026-09-24T05:15:00+02:00,2
auth_identity,sandbox_piensa/phosmwppiensasbxprd,2026-09-24T20:06:00+02:00,30,2026-09-24T08:21:00+02:00,2
auth_identity,sandbox_piensa/phosstackcleanupprd,2026-09-24T06:07:00+02:00,1,,0
auth_identity,sandbox_piensa/ppiensawaasqa,2026-09-24T12:31:00+02:00,5,,0
auth_identity,sandbox_qa_whic/phosstackcleanupprd,2026-09-24T00:12:00+02:00,6,,0
auth_identity,sandbox_qa_whic/phowhicprd,2026-09-28T00:14:00+02:00,135,2026-09-24T04:26:00+02:00,25
auth_identity,sandbox_qa_whic/phowhicrdrprd,2026-09-27T04:27:00+02:00,86,2026-09-24T04:26:00+02:00,20
auth_identity,sandbox_shl_to/gilbert,2026-09-23T15:07:00+02:00,11,,0
auth_identity,sandbox_trinity_hosting/pseudotrinitypproqa,2026-09-24T15:24:00+02:00,4,,0
auth_identity,sandbox_udag/phosmwpudagsndbbap,2026-09-25T18:57:00+02:00,47,2026-09-24T08:10:00+02:00,2
auth_identity,sandbox_udag/phosmwpudagsndbprd,2026-09-25T18:53:00+02:00,90,2026-09-24T08:04:00+02:00,3
auth_identity,sandbox_webde/phosmwpwebdesndbbap,2026-09-24T07:54:00+02:00,22,2026-09-24T07:54:00+02:00,2
auth_identity,sandbox_webde/phosmwpwebdesndbprd,2026-09-24T05:48:00+02:00,26,2026-09-24T05:48:00+02:00,6
auth_identity,sandbox_wordpress_whic/phosmwpsndbwhicbap,2026-09-24T04:00:00+02:00,10,,0
auth_identity,sandbox_wordpress_whic/phosmwpsndbwhicprd,2026-09-24T04:10:00+02:00,160,2026-09-24T04:06:00+02:00,64
auth_identity,sandbox_worldforyou/photnw4ywaasqa,2026-09-29T08:52:00+02:00,38,,0
auth_identity,strato_sfs/photnsfsstrwaasprd,2026-09-27T10:58:00+02:00,14,,0
auth_identity,trial_sfs/photnsfstrialprd,2026-09-24T04:16:00+02:00,22,,0
auth_identity,trial_sfs/photnsfstrialspcman,2026-09-24T15:58:00+02:00,27,,0
auth_identity,trial_strato/phosmwpstrasndbap,2026-09-24T10:19:00+02:00,38,,0
auth_identity,trial_strato/phosmwpstrasndbprd,2026-09-24T10:19:00+02:00,39,2026-09-25T04:02:00+02:00,1
auth_identity,trial_strato/pstratoswhtp,2026-09-25T15:11:00+02:00,47,,0
auth_identity,trinity_hosting/pseudotrinitypprov,2026-09-24T16:01:00+02:00,2,,0
