family,dimension,label,all,read,write,read_2xx,read_non_2xx,write_2xx,write_non_2xx,write_200,write_202,write_204,write_404,write_409,write_500,other_write_statuses
stretchspaces,local_day,2026-09-24,401146,286406,114740,268703,17703,81499,33241,3610,77889,0,8041,10417,2464,"{""400"": 11560, ""401"": 63, ""403"": 10, ""422"": 683, ""499"": 3}"
stretchspaces,local_day,2026-09-25,269320,187294,82026,178098,9196,62009,20017,2534,59475,0,5456,11683,11,"{""400"": 2795, ""401"": 46, ""403"": 10, ""422"": 16}"
stretchspaces,local_day,2026-09-28,241959,167640,74319,153429,14211,57269,17050,6383,50886,0,8020,7686,0,"{""400"": 1259, ""401"": 49, ""403"": 17, ""422"": 17, ""429"": 2}"
stretchspaces,local_day,2026-09-29,221387,150293,71094,140302,9991,50482,20612,6467,44015,0,7346,12482,4,"{""400"": 716, ""401"": 45, ""403"": 10, ""422"": 9}"
stretchspaces,local_day,2026-09-27,182104,128114,53990,120798,7316,43073,10917,1466,41607,0,2827,6470,0,"{""400"": 1567, ""401"": 35, ""403"": 10, ""422"": 8}"
stretchspaces,local_day,2026-09-26,178753,120244,58509,110760,9484,40733,17776,2830,37903,0,4607,12255,0,"{""400"": 859, ""401"": 33, ""403"": 10, ""422"": 12}"
stretchspaces,local_day,2026-09-30,43079,25431,17648,23898,1533,9632,8016,1635,7997,0,1544,5829,0,"{""400"": 611, ""401"": 17, ""403"": 7, ""422"": 8}"
stretchspaces,local_day,2026-09-23,1527,638,889,638,0,661,228,11,650,0,3,4,0,"{""400"": 217, ""422"": 4}"
stretchspaces,url_tenant,OneAndOne,961408,702076,259332,666562,35514,162897,96435,24637,138260,0,21362,60764,1447,"{""400"": 12519, ""422"": 340, ""499"": 3}"
stretchspaces,url_tenant,base_strato,268376,135911,132465,134645,1266,130969,1496,37,130932,0,413,2,672,"{""400"": 146, ""401"": 2, ""422"": 259, ""429"": 2}"
stretchspaces,url_tenant,base_worldforyou,101568,95410,6158,73112,22298,2652,3506,0,2652,0,84,3208,12,"{""401"": 196, ""422"": 6}"
stretchspaces,url_tenant,base_fasthosts,85128,68813,16315,68500,313,13356,2959,19,13337,0,120,2775,46,"{""422"": 18}"
stretchspaces,url_tenant,UDAG,44044,25530,18514,25319,211,10408,8106,6,10402,0,7104,2,252,"{""400"": 717, ""401"": 1, ""422"": 30}"
stretchspaces,url_tenant,qa_whic,34626,14277,20349,14212,65,14415,5934,176,14239,0,63,73,9,"{""400"": 5635, ""401"": 40, ""403"": 32, ""422"": 82}"
stretchspaces,url_tenant,sandbox_udag,10591,9605,986,9,9596,9,977,0,9,0,977,0,0,
stretchspaces,url_tenant,base_piensa,8238,4836,3402,4821,15,3366,36,21,3345,0,22,0,7,"{""401"": 1, ""422"": 6}"
stretchspaces,url_tenant,base_arsys,7262,4276,2986,4269,7,2886,100,38,2848,0,71,0,21,"{""422"": 8}"
stretchspaces,url_tenant,trial_strato,4024,2391,1633,2390,1,1329,304,0,1329,0,133,0,10,"{""400"": 159, ""422"": 2}"
stretchspaces,url_tenant,base_homepl,3804,1797,2007,1797,0,1979,28,2,1977,0,19,0,3,"{""422"": 6}"
stretchspaces,url_tenant,sandbox_wordpress_whic,2144,0,2144,0,0,0,2144,0,0,0,2144,0,0,
stretchspaces,url_tenant,sandbox_oneandone,2043,0,2043,0,0,0,2043,0,0,0,2043,0,0,
stretchspaces,url_tenant,sandbox_piensa,1917,7,1910,7,0,10,1900,0,10,0,1900,0,0,
stretchspaces,url_tenant,sandbox_qa_whic,1290,348,942,348,0,452,490,0,452,0,0,0,0,"{""400"": 408, ""401"": 40, ""403"": 42}"
stretchspaces,url_tenant,dnd_qa_whic,1080,483,597,483,0,589,8,0,589,0,0,0,0,"{""401"": 8}"
stretchspaces,url_tenant,sandbox_fasthosts,425,0,425,0,0,0,425,0,0,0,425,0,0,
stretchspaces,url_tenant,sandbox_arsys,360,0,360,0,0,0,360,0,0,0,360,0,0,
stretchspaces,url_tenant,sandbox_worldforyou,318,289,29,142,147,27,2,0,27,0,0,2,0,
stretchspaces,url_tenant,sandbox_webde,300,0,300,0,0,0,300,0,0,0,300,0,0,
stretchspaces,url_tenant,sandbox_gmxde,232,0,232,0,0,0,232,0,0,0,232,0,0,
stretchspaces,url_tenant,sandbox_homepl,67,1,66,1,0,3,63,0,3,0,63,0,0,
stretchspaces,url_tenant,sandbox_shl_to,14,7,7,7,0,7,0,0,7,0,0,0,0,
stretchspaces,url_tenant,base_gmxde,9,0,9,0,0,0,9,0,0,0,9,0,0,
stretchspaces,url_tenant,sandbox_gitspace_oneandone,6,2,4,2,0,4,0,0,4,0,0,0,0,
stretchspaces,url_tenant,%7B%7Bwaas_tenant%7D%7D,1,1,0,0,1,0,0,0,0,0,0,0,0,
stretchspaces,auth_identity,OneAndOne/pwhpsswaasprod,961344,702045,259299,666531,35514,162864,96435,24637,138227,0,21362,60764,1447,"{""400"": 12519, ""422"": 340, ""499"": 3}"
stretchspaces,auth_identity,base_strato/pstratoswhp,173392,88110,85282,86916,1194,84204,1078,28,84176,0,101,2,612,"{""400"": 146, ""422"": 215, ""429"": 2}"
stretchspaces,auth_identity,base_worldforyou/photnw4ywaasprod,79087,73125,5962,73112,13,2652,3310,0,2652,0,84,3208,12,"{""422"": 6}"
stretchspaces,auth_identity,base_fasthosts/pfhhostingprod,60640,56727,3913,56419,308,1127,2786,1,1126,0,6,2775,4,"{""422"": 1}"
stretchspaces,auth_identity,base_strato/phosmwpstratobap,52532,26281,26251,26218,63,26031,220,4,26027,0,165,0,31,"{""422"": 24}"
stretchspaces,auth_identity,base_strato/phosmwpstratoprd,42446,21516,20930,21511,5,20734,196,5,20729,0,147,0,29,"{""422"": 20}"
stretchspaces,auth_identity,qa_whic/phowhicprd,31557,12791,18766,12726,65,12898,5868,176,12722,0,63,73,8,"{""400"": 5635, ""403"": 8, ""422"": 81}"
stretchspaces,auth_identity,UDAG/phosmwpudagprd,28354,21008,7346,20820,188,3765,3581,6,3759,0,3436,2,55,"{""400"": 84, ""422"": 4}"
stretchspaces,auth_identity,/<user not set>,22681,22393,288,0,22393,0,288,0,0,0,0,0,0,"{""401"": 288}"
stretchspaces,auth_identity,UDAG/phosmwpudagprdbap,15667,4500,11167,4499,1,6643,4524,0,6643,0,3668,0,197,"{""400"": 633, ""422"": 26}"
stretchspaces,auth_identity,base_fasthosts/phosmwpfasthprdbap,12770,6290,6480,6289,1,6391,89,9,6382,0,66,0,15,"{""422"": 8}"
stretchspaces,auth_identity,base_fasthosts/phosmwpfasthprd,11716,5794,5922,5792,2,5838,84,9,5829,0,48,0,27,"{""422"": 9}"
stretchspaces,auth_identity,sandbox_udag/phosmwpudagsndbprd,10274,9602,672,9,9593,9,663,0,9,0,663,0,0,
stretchspaces,auth_identity,trial_strato/pstratoswhtp,3653,2194,1459,2194,0,1288,171,0,1288,0,0,0,10,"{""400"": 159, ""422"": 2}"
stretchspaces,auth_identity,base_piensa/phosmwppiensaprdbap,3379,1719,1660,1711,8,1643,17,0,1643,0,11,0,3,"{""422"": 3}"
stretchspaces,auth_identity,base_piensa/phosmwppiensaprd,3030,1546,1484,1539,7,1467,17,0,1467,0,11,0,3,"{""422"": 3}"
stretchspaces,auth_identity,qa_whic/phosbenchmarkprd,3005,1486,1519,1486,0,1517,2,0,1517,0,0,0,1,"{""422"": 1}"
stretchspaces,auth_identity,base_arsys/phosmwpsysbap,2761,1339,1422,1338,1,1385,37,2,1383,0,22,0,11,"{""422"": 4}"
stretchspaces,auth_identity,base_arsys/phosmwpsysprd,2394,1202,1192,1196,6,1168,24,2,1166,0,14,0,6,"{""422"": 4}"
stretchspaces,auth_identity,sandbox_wordpress_whic/phosmwpsndbwhicprd,2144,0,2144,0,0,0,2144,0,0,0,2144,0,0,
stretchspaces,auth_identity,base_arsys/parsyswaaspro,2107,1735,372,1735,0,333,39,34,299,0,35,0,4,
stretchspaces,auth_identity,base_piensa/ppiensawaaspro,1828,1571,257,1571,0,256,1,21,235,0,0,0,1,
stretchspaces,auth_identity,base_homepl/phosmwphomeplbap,1586,805,781,805,0,760,21,1,759,0,17,0,1,"{""422"": 3}"
stretchspaces,auth_identity,base_homepl/phosmwphomeplprd,1355,700,655,700,0,648,7,1,647,0,2,0,2,"{""422"": 3}"
stretchspaces,auth_identity,sandbox_qa_whic/phowhicprd,1234,348,886,348,0,452,434,0,452,0,0,0,0,"{""400"": 408, ""403"": 26}"
stretchspaces,auth_identity,dnd_qa_whic/phowhicprd,1072,483,589,483,0,589,0,0,589,0,0,0,0,
stretchspaces,auth_identity,sandbox_oneandone/phosmwpionossndbbap,1061,0,1061,0,0,0,1061,0,0,0,1061,0,0,
stretchspaces,auth_identity,sandbox_piensa/phosmwppiensasbxbap,996,5,991,5,0,5,986,0,5,0,986,0,0,
stretchspaces,auth_identity,sandbox_oneandone/phosmwpionossndbprd,982,0,982,0,0,0,982,0,0,0,982,0,0,
stretchspaces,auth_identity,sandbox_piensa/phosmwppiensasbxprd,919,2,917,2,0,3,914,0,3,0,914,0,0,
stretchspaces,auth_identity,base_homepl/photnhomepl1prd,863,292,571,292,0,571,0,0,571,0,0,0,0,
stretchspaces,auth_identity,sandbox_arsys/phosmwpsyssndbprd,360,0,360,0,0,0,360,0,0,0,360,0,0,
stretchspaces,auth_identity,sandbox_udag/phosmwpudagsndbbap,314,0,314,0,0,0,314,0,0,0,314,0,0,
stretchspaces,auth_identity,sandbox_fasthosts/phosmwpfasthsndbprd,308,0,308,0,0,0,308,0,0,0,308,0,0,
stretchspaces,auth_identity,sandbox_worldforyou/photnw4ywaasqa,239,210,29,142,68,27,2,0,27,0,0,2,0,
stretchspaces,auth_identity,trial_strato/phosmwpstrasndbap,190,99,91,99,0,20,71,0,20,0,71,0,0,
stretchspaces,auth_identity,trial_strato/phosmwpstrasndbprd,180,97,83,97,0,21,62,0,21,0,62,0,0,
stretchspaces,auth_identity,sandbox_webde/phosmwpwebdesndbbap,157,0,157,0,0,0,157,0,0,0,157,0,0,
stretchspaces,auth_identity,sandbox_webde/phosmwpwebdesndbprd,143,0,143,0,0,0,143,0,0,0,143,0,0,
stretchspaces,auth_identity,sandbox_gmxde/phosmwpgmxsndbprd,121,0,121,0,0,0,121,0,0,0,121,0,0,
stretchspaces,auth_identity,sandbox_fasthosts/phosmwpfasthsndbbap,117,0,117,0,0,0,117,0,0,0,117,0,0,
stretchspaces,auth_identity,sandbox_gmxde/phosmwpgmxsndbbap,111,0,111,0,0,0,111,0,0,0,111,0,0,
stretchspaces,auth_identity,sandbox_homepl/phosmwphoplsndbbap,37,0,37,0,0,1,36,0,1,0,36,0,0,
stretchspaces,auth_identity,OneAndOne/phosmwpionosprdbap,36,18,18,18,0,18,0,0,18,0,0,0,0,
stretchspaces,auth_identity,sandbox_homepl/phosmwphoplsndbprd,30,1,29,1,0,2,27,0,2,0,27,0,0,
stretchspaces,auth_identity,OneAndOne/phosmwpionosprd,28,13,15,13,0,15,0,0,15,0,0,0,0,
stretchspaces,auth_identity,qa_whic/phowhicrdrprd,16,0,16,0,0,0,16,0,0,0,0,0,0,"{""403"": 16}"
stretchspaces,auth_identity,sandbox_qa_whic/phowhicrdrprd,16,0,16,0,0,0,16,0,0,0,0,0,0,"{""403"": 16}"
stretchspaces,auth_identity,sandbox_shl_to/gilbert,14,7,7,7,0,7,0,0,7,0,0,0,0,
stretchspaces,auth_identity,qa_whic/phowhicprd2nd,8,0,8,0,0,0,8,0,0,0,0,0,0,"{""403"": 8}"
stretchspaces,auth_identity,base_gmxde/phosmwpgmxprdbap,6,0,6,0,0,0,6,0,0,0,6,0,0,
stretchspaces,auth_identity,sandbox_gitspace_oneandone/pbtionosspaceac1,6,2,4,2,0,4,0,0,4,0,0,0,0,
stretchspaces,auth_identity,/,4,4,0,0,4,0,0,0,0,0,0,0,0,
stretchspaces,auth_identity,base_gmxde/phosmwpgmxprd,3,0,3,0,0,0,3,0,0,0,3,0,0,
stretchspaces,auth_identity,sandbox_piensa/ppiensawaasqa,2,0,2,0,0,2,0,0,2,0,0,0,0,
stretchspaces,verb,GET,1066060,1066060,0,996626,69434,0,0,0,0,0,0,0,0,
stretchspaces,verb,POST,362094,0,362094,0,0,268624,93470,21429,247195,0,16103,66524,2209,"{""400"": 7603, ""401"": 258, ""403"": 74, ""422"": 696, ""499"": 3}"
stretchspaces,verb,PUT,66785,0,66785,0,0,54144,12641,3507,50637,0,63,302,239,"{""400"": 11981, ""422"": 56}"
stretchspaces,verb,DELETE,44336,0,44336,0,0,22590,21746,0,22590,0,21678,0,31,"{""401"": 30, ""422"": 5, ""429"": 2}"
databases,local_day,2026-09-30,55309,51710,3599,13242,38468,3301,298,19,3282,0,42,0,0,"{""400"": 142, ""401"": 72, ""403"": 42}"
databases,local_day,2026-09-25,51496,42834,8662,39422,3412,8266,396,17,8249,0,48,0,0,"{""400"": 203, ""401"": 102, ""403"": 43}"
databases,local_day,2026-09-28,46401,37171,9230,35301,1870,8627,603,1,8626,0,51,0,0,"{""400"": 285, ""401"": 182, ""403"": 85}"
databases,local_day,2026-09-26,35459,28330,7129,26830,1500,6737,392,9,6728,0,45,0,0,"{""400"": 203, ""401"": 101, ""403"": 43}"
databases,local_day,2026-09-27,30162,22813,7349,21068,1745,6938,411,0,6938,0,46,0,0,"{""400"": 203, ""401"": 119, ""403"": 43}"
databases,local_day,2026-09-29,26949,17813,9136,16049,1764,8711,425,99,8612,0,55,0,0,"{""400"": 183, ""401"": 144, ""403"": 43}"
databases,local_day,2026-09-24,24952,16677,8275,15020,1657,7694,581,42,7652,0,62,0,0,"{""400"": 203, ""401"": 273, ""403"": 43}"
databases,local_day,2026-09-23,614,269,345,268,1,322,23,0,322,0,8,0,0,"{""400"": 15}"
databases,url_tenant,OneAndOne,81069,70625,10444,30973,39652,10402,42,6,10396,0,42,0,0,
databases,url_tenant,base_fasthosts,68060,67036,1024,66961,75,1021,3,181,840,0,3,0,0,
databases,url_tenant,base_strato,56340,38925,17415,35624,3301,17415,0,0,17415,0,0,0,0,
databases,url_tenant,qa_whic,34280,14877,19403,13376,1501,17290,2113,0,17290,0,296,0,0,"{""400"": 1369, ""401"": 280, ""403"": 168}"
databases,url_tenant,UDAG,8869,8269,600,5023,3246,600,0,0,600,0,0,0,0,
databases,url_tenant,base_worldforyou,8136,7277,859,5290,1987,431,428,0,431,0,0,0,0,"{""401"": 428}"
databases,url_tenant,dnd_qa_whic,5677,3246,2431,3246,0,2431,0,0,2431,0,0,0,0,
databases,url_tenant,trial_strato,1814,1805,9,1805,0,9,0,0,9,0,0,0,0,
databases,url_tenant,base_piensa,1621,1435,186,1435,0,186,0,0,186,0,0,0,0,
databases,url_tenant,sandbox_qa_whic,1609,863,746,287,576,208,538,0,208,0,16,0,0,"{""400"": 68, ""401"": 280, ""403"": 174}"
databases,url_tenant,base_webde,1158,1063,95,1059,4,95,0,0,95,0,0,0,0,
databases,url_tenant,base_arsys,1086,956,130,956,0,130,0,0,130,0,0,0,0,
databases,url_tenant,base_gmxde,727,642,85,642,0,85,0,0,85,0,0,0,0,
databases,url_tenant,base_homepl,716,474,242,474,0,242,0,0,242,0,0,0,0,
databases,url_tenant,sandbox_worldforyou,105,95,10,20,75,5,5,0,5,0,0,0,0,"{""401"": 5}"
databases,url_tenant,gitspace_oneandone,49,18,31,18,0,31,0,0,31,0,0,0,0,
databases,url_tenant,sandbox_shl_to,14,7,7,7,0,7,0,0,7,0,0,0,0,
databases,url_tenant,trial_sfs,8,2,6,2,0,6,0,0,6,0,0,0,0,
databases,url_tenant,sandbox_gitspace_oneandone,4,2,2,2,0,2,0,0,2,0,0,0,0,
databases,auth_identity,OneAndOne/pwhpsswaasprod,67164,58372,8792,18720,39652,8750,42,6,8744,0,42,0,0,
databases,auth_identity,base_fasthosts/pfhhostingprod,66941,66375,566,66300,75,563,3,181,382,0,3,0,0,
databases,auth_identity,base_strato/pstratoswhp,47093,30922,16171,30917,5,16171,0,0,16171,0,0,0,0,
databases,auth_identity,qa_whic/phowhicprd,30450,14477,15973,13344,1133,14252,1721,0,14252,0,296,0,0,"{""400"": 1369, ""403"": 56}"
databases,auth_identity,OneAndOne/photbackupmwprd,10702,10223,479,10223,0,479,0,0,479,0,0,0,0,
databases,auth_identity,base_worldforyou/photnw4ywaasprod,6052,5621,431,5290,331,431,0,0,431,0,0,0,0,
databases,auth_identity,dnd_qa_whic/phowhicprd,5677,3246,2431,3246,0,2431,0,0,2431,0,0,0,0,
databases,auth_identity,base_strato/phosmwpstratobap,5236,4302,934,2654,1648,934,0,0,934,0,0,0,0,
databases,auth_identity,base_strato/phosmwpstratoprd,4011,3701,310,2053,1648,310,0,0,310,0,0,0,0,
databases,auth_identity,UDAG/phosmwpudagprdbap,3595,3501,94,1926,1575,94,0,0,94,0,0,0,0,
databases,auth_identity,UDAG/phosmwpudagprd,3565,3519,46,1942,1577,46,0,0,46,0,0,0,0,
databases,auth_identity,/<user not set>,3138,2145,993,0,2145,0,993,0,0,0,0,0,0,"{""401"": 993}"
databases,auth_identity,qa_whic/phosbenchmarkprd,3038,0,3038,0,0,3038,0,0,3038,0,0,0,0,
databases,auth_identity,OneAndOne/phosmwpionosprdbap,2326,1303,1023,1303,0,1023,0,0,1023,0,0,0,0,
databases,auth_identity,trial_strato/pstratoswhtp,1809,1802,7,1802,0,7,0,0,7,0,0,0,0,
databases,auth_identity,UDAG/photnwudagprd,1708,1248,460,1155,93,460,0,0,460,0,0,0,0,
databases,auth_identity,base_piensa/ppiensawaaspro,1193,1173,20,1173,0,20,0,0,20,0,0,0,0,
databases,auth_identity,base_webde/phosmamdomprd,1074,1014,60,1010,4,60,0,0,60,0,0,0,0,
databases,auth_identity,sandbox_qa_whic/phowhicprd,881,527,354,255,272,208,146,0,208,0,16,0,0,"{""400"": 68, ""403"": 62}"
databases,auth_identity,OneAndOne/phosmwpionosprd,877,727,150,727,0,150,0,0,150,0,0,0,0,
databases,auth_identity,base_fasthosts/phosmwpfasthprdbap,803,448,355,448,0,355,0,0,355,0,0,0,0,
databases,auth_identity,base_arsys/parsyswaaspro,762,759,3,759,0,3,0,0,3,0,0,0,0,
databases,auth_identity,base_gmxde/phosmamdomprd,669,608,61,608,0,61,0,0,61,0,0,0,0,
databases,auth_identity,base_homepl/photnhomepl1prd,340,250,90,250,0,90,0,0,90,0,0,0,0,
databases,auth_identity,base_fasthosts/phosmwpfasthprd,316,213,103,213,0,103,0,0,103,0,0,0,0,
databases,auth_identity,base_piensa/phosmwppiensaprdbap,288,166,122,166,0,122,0,0,122,0,0,0,0,
databases,auth_identity,base_homepl/phosmwphomeplbap,261,150,111,150,0,111,0,0,111,0,0,0,0,
databases,auth_identity,base_arsys/phosmwpsysbap,219,126,93,126,0,93,0,0,93,0,0,0,0,
databases,auth_identity,qa_whic/phowhicrdrprd,208,96,112,32,64,0,112,0,0,0,0,0,0,"{""403"": 112}"
databases,auth_identity,sandbox_qa_whic/phowhicrdrprd,208,96,112,32,64,0,112,0,0,0,0,0,0,"{""403"": 112}"
databases,auth_identity,base_piensa/phosmwppiensaprd,140,96,44,96,0,44,0,0,44,0,0,0,0,
databases,auth_identity,base_homepl/phosmwphomeplprd,115,74,41,74,0,41,0,0,41,0,0,0,0,
databases,auth_identity,base_arsys/phosmwpsysprd,105,71,34,71,0,34,0,0,34,0,0,0,0,
databases,auth_identity,sandbox_worldforyou/photnw4ywaasqa,92,87,5,20,67,5,0,0,5,0,0,0,0,
databases,auth_identity,/phowhicprd,64,64,0,0,64,0,0,0,0,0,0,0,0,
databases,auth_identity,base_webde/phosmwpwebdeprdbap,57,32,25,32,0,25,0,0,25,0,0,0,0,
databases,auth_identity,gitspace_oneandone/pbtionosspaceprod,49,18,31,18,0,31,0,0,31,0,0,0,0,
databases,auth_identity,base_gmxde/phosmwpgmxprdbap,43,23,20,23,0,20,0,0,20,0,0,0,0,
databases,auth_identity,base_webde/phosmwpwebdeprd,27,17,10,17,0,10,0,0,10,0,0,0,0,
databases,auth_identity,base_gmxde/phosmwpgmxprd,15,11,4,11,0,4,0,0,4,0,0,0,0,
databases,auth_identity,sandbox_shl_to/gilbert,14,7,7,7,0,7,0,0,7,0,0,0,0,
databases,auth_identity,trial_sfs/photnsfstrialspcman,8,2,6,2,0,6,0,0,6,0,0,0,0,
databases,auth_identity,sandbox_gitspace_oneandone/pbtionosspaceac1,4,2,2,2,0,2,0,0,2,0,0,0,0,
databases,auth_identity,trial_strato/phosmwpstrasndbap,4,2,2,2,0,2,0,0,2,0,0,0,0,
databases,auth_identity,trial_strato/phosmwpstrasndbprd,1,1,0,1,0,0,0,0,0,0,0,0,0,
databases,verb,GET,217617,217617,0,167200,50417,0,0,0,0,0,0,0,0,
databases,verb,POST,30703,0,30703,0,0,28999,1704,187,28812,0,105,0,0,"{""400"": 925, ""401"": 524, ""403"": 150}"
databases,verb,PUT,16236,0,16236,0,0,15363,873,0,15363,0,105,0,0,"{""400"": 512, ""401"": 160, ""403"": 96}"
databases,verb,DELETE,6786,0,6786,0,0,6234,552,0,6234,0,147,0,0,"{""401"": 309, ""403"": 96}"
webshield,local_day,2026-09-29,1069497,989800,79697,981404,8396,79307,390,0,69541,9766,0,12,0,"{""400"": 126, ""401"": 127, ""403"": 54, ""405"": 1, ""408"": 6, ""422"": 47, ""502"": 17}"
webshield,local_day,2026-09-28,1016395,940108,76287,931669,8439,75554,733,0,66038,9516,0,6,0,"{""400"": 247, ""401"": 225, ""403"": 108, ""405"": 2, ""408"": 1, ""422"": 65, ""502"": 79}"
webshield,local_day,2026-09-26,961830,894248,67582,889275,4973,67037,545,0,61563,5474,4,6,0,"{""400"": 203, ""401"": 110, ""403"": 54, ""405"": 1, ""408"": 2, ""422"": 153, ""429"": 5, ""502"": 7}"
webshield,local_day,2026-09-25,958699,890711,67988,883189,7522,67422,566,6,58489,8927,3,13,0,"{""400"": 203, ""401"": 121, ""403"": 54, ""405"": 1, ""408"": 3, ""422"": 155, ""429"": 6, ""502"": 7}"
webshield,local_day,2026-09-27,951991,899239,52752,892883,6356,52199,553,13,45180,7006,0,18,0,"{""400"": 203, ""401"": 115, ""403"": 54, ""405"": 1, ""408"": 2, ""422"": 148, ""429"": 2, ""502"": 10}"
webshield,local_day,2026-09-24,805756,742739,63017,735549,7190,62481,536,2,54322,8157,5,6,0,"{""400"": 203, ""401"": 126, ""403"": 54, ""405"": 1, ""422"": 134, ""429"": 5, ""502"": 2}"
webshield,local_day,2026-09-30,409343,385212,24131,383342,1870,23821,310,0,22188,1633,1,3,0,"{""400"": 121, ""401"": 97, ""403"": 54, ""405"": 1, ""422"": 20, ""429"": 2, ""502"": 11}"
webshield,local_day,2026-09-23,4251,3667,584,3594,73,507,77,0,507,0,0,0,0,"{""400"": 77}"
webshield,url_tenant,base_worldforyou,4487694,4487036,658,4486992,44,471,187,0,471,0,0,0,0,"{""401"": 187}"
webshield,url_tenant,base_ionoscloud,427378,427331,47,427330,1,47,0,0,47,0,0,0,0,
webshield,url_tenant,Domains,423915,164852,259063,164806,46,258880,183,21,258859,0,2,24,0,"{""408"": 12, ""422"": 1, ""429"": 11, ""502"": 133}"
webshield,url_tenant,base_strato,413738,322606,91132,283599,39007,91123,9,0,41910,49213,0,0,0,"{""429"": 9}"
webshield,url_tenant,base_fasthosts,157119,101352,55767,101349,3,55177,590,0,55177,0,0,0,0,"{""408"": 1, ""422"": 589}"
webshield,url_tenant,ionos_sfs,89121,85438,3683,85438,0,3682,1,0,3682,0,0,0,0,"{""408"": 1}"
webshield,url_tenant,trial_sfs,41176,41125,51,41125,0,51,0,0,51,0,0,0,0,
webshield,url_tenant,sandbox_ionoscloud,39572,39572,0,39571,1,0,0,0,0,0,0,0,0,
webshield,url_tenant,qa_whic,29650,14445,15205,9381,5064,13143,2062,0,13088,55,4,39,0,"{""400"": 1337, ""401"": 360, ""403"": 216, ""405"": 8, ""422"": 98}"
webshield,url_tenant,OneAndOne,19790,15874,3916,15854,20,3908,8,0,3908,0,0,0,0,"{""401"": 1, ""422"": 7}"
webshield,url_tenant,mws8_oneandone,18928,18928,0,18928,0,0,0,0,0,0,0,0,0,
webshield,url_tenant,EShopOneAndOne,17826,17792,34,17792,0,34,0,0,34,0,0,0,0,
webshield,url_tenant,strato_sfs,6032,5699,333,5699,0,333,0,0,333,0,0,0,0,
webshield,url_tenant,sandbox_qa_whic,1448,626,822,106,520,200,622,0,192,8,0,0,0,"{""400"": 46, ""401"": 360, ""403"": 216}"
webshield,url_tenant,UDAG,1249,1249,0,1154,95,0,0,0,0,0,0,0,0,
webshield,url_tenant,gitspace_oneandone,709,202,507,196,6,494,13,0,0,494,0,0,0,"{""401"": 13}"
webshield,url_tenant,base_webde,641,111,530,105,6,504,26,0,0,504,2,0,0,"{""422"": 24}"
webshield,url_tenant,base_piensa,582,582,0,582,0,0,0,0,0,0,0,0,0,
webshield,url_tenant,base_arsys,568,568,0,568,0,0,0,0,0,0,0,0,0,
webshield,url_tenant,base_gmxde,270,67,203,67,0,195,8,0,0,195,5,0,0,"{""422"": 3}"
webshield,url_tenant,base_homepl,199,199,0,199,0,0,0,0,0,0,0,0,0,
webshield,url_tenant,dnd_qa_whic,69,0,69,0,0,69,0,0,69,0,0,0,0,
webshield,url_tenant,trial_strato,49,31,18,25,6,17,1,0,7,10,0,1,0,
webshield,url_tenant,sandbox_mws8_oneandone,17,17,0,17,0,0,0,0,0,0,0,0,0,
webshield,url_tenant,sandbox_worldforyou,16,16,0,16,0,0,0,0,0,0,0,0,0,
webshield,url_tenant,sandbox_piensa,6,6,0,6,0,0,0,0,0,0,0,0,0,
webshield,auth_identity,base_worldforyou/photnw4ywaasprod,4487498,4487027,471,4486992,35,471,0,0,471,0,0,0,0,
webshield,auth_identity,base_ionoscloud/pstncdnwafwaasprod,427378,427331,47,427330,1,47,0,0,47,0,0,0,0,
webshield,auth_identity,Domains/pdnswaasprod,416937,162737,254200,162728,9,254017,183,21,253996,0,2,24,0,"{""408"": 12, ""422"": 1, ""429"": 11, ""502"": 133}"
webshield,auth_identity,base_strato/pstratoswhp,413133,322001,91132,282994,39007,91123,9,0,41910,49213,0,0,0,"{""429"": 9}"
webshield,auth_identity,base_fasthosts/pfhhostingprod,156847,101094,55753,101091,3,55177,576,0,55177,0,0,0,0,"{""408"": 1, ""422"": 575}"
webshield,auth_identity,ionos_sfs/photnsfsionosprd,89121,85438,3683,85438,0,3682,1,0,3682,0,0,0,0,"{""408"": 1}"
webshield,auth_identity,trial_sfs/photnsfstrialprd,41176,41125,51,41125,0,51,0,0,51,0,0,0,0,
webshield,auth_identity,sandbox_ionoscloud/pstncdnwafwaasprod,39572,39572,0,39571,1,0,0,0,0,0,0,0,0,
webshield,auth_identity,qa_whic/phowhicprd,21362,9699,11663,5019,4680,10105,1558,0,10050,55,4,39,0,"{""400"": 1337, ""403"": 72, ""405"": 8, ""422"": 98}"
webshield,auth_identity,OneAndOne/pwhpsswaasprod,19230,15317,3913,15301,16,3908,5,0,3908,0,0,0,0,"{""422"": 5}"
webshield,auth_identity,mws8_oneandone/photniomwsprod,18928,18928,0,18928,0,0,0,0,0,0,0,0,0,
webshield,auth_identity,EShopOneAndOne/photniomwsprod,17826,17792,34,17792,0,34,0,0,34,0,0,0,0,
webshield,auth_identity,qa_whic/phosbenchmarkprd,7368,4330,3038,4330,0,3038,0,0,3038,0,0,0,0,
webshield,auth_identity,strato_sfs/photnsfsstrwaasprd,6032,5699,333,5699,0,333,0,0,333,0,0,0,0,
webshield,auth_identity,Domains/pdnsarsyswaasprod,4483,1308,3175,1307,1,3175,0,0,3175,0,0,0,0,
webshield,auth_identity,Domains/pdnspiensawaasprod,2348,660,1688,660,0,1688,0,0,1688,0,0,0,0,
webshield,auth_identity,/<user not set>,1498,577,921,0,577,0,921,0,0,0,0,0,0,"{""401"": 921}"
webshield,auth_identity,UDAG/photnwudagprd,1182,1182,0,1087,95,0,0,0,0,0,0,0,0,
webshield,auth_identity,gitspace_oneandone/pbtionosspaceprod,690,196,494,196,0,494,0,0,0,494,0,0,0,
webshield,auth_identity,base_webde/phosmamdomprd,616,88,528,84,4,504,24,0,0,504,2,0,0,"{""422"": 22}"
webshield,auth_identity,sandbox_qa_whic/phowhicprd,552,234,318,74,160,200,118,0,192,8,0,0,0,"{""400"": 46, ""403"": 72}"
webshield,auth_identity,base_arsys/parsyswaaspro,494,494,0,494,0,0,0,0,0,0,0,0,0,
webshield,auth_identity,base_piensa/ppiensawaaspro,489,489,0,489,0,0,0,0,0,0,0,0,0,
webshield,auth_identity,base_strato/phosmwpstratoprd,305,305,0,305,0,0,0,0,0,0,0,0,0,
webshield,auth_identity,base_strato/phosmwpstratobap,300,300,0,300,0,0,0,0,0,0,0,0,0,
webshield,auth_identity,OneAndOne/phosmwpionosprdbap,288,286,2,282,4,0,2,0,0,0,0,0,0,"{""422"": 2}"
webshield,auth_identity,OneAndOne/phosmwpionosprd,271,271,0,271,0,0,0,0,0,0,0,0,0,
webshield,auth_identity,base_gmxde/phosmamdomprd,258,55,203,55,0,195,8,0,0,195,5,0,0,"{""422"": 3}"
webshield,auth_identity,qa_whic/phowhicrdrprd,256,112,144,32,80,0,144,0,0,0,0,0,0,"{""403"": 144}"
webshield,auth_identity,sandbox_qa_whic/phowhicrdrprd,256,112,144,32,80,0,144,0,0,0,0,0,0,"{""403"": 144}"
webshield,auth_identity,base_fasthosts/phosmwpfasthprdbap,171,157,14,157,0,0,14,0,0,0,0,0,0,"{""422"": 14}"
webshield,auth_identity,Domains/photlwaascheckprd,147,147,0,111,36,0,0,0,0,0,0,0,0,
webshield,auth_identity,base_homepl/photnhomepl1prd,124,124,0,124,0,0,0,0,0,0,0,0,0,
webshield,auth_identity,base_fasthosts/phosmwpfasthprd,101,101,0,101,0,0,0,0,0,0,0,0,0,
webshield,auth_identity,dnd_qa_whic/phowhicprd,69,0,69,0,0,69,0,0,69,0,0,0,0,
webshield,auth_identity,base_piensa/phosmwppiensaprdbap,52,52,0,52,0,0,0,0,0,0,0,0,0,
webshield,auth_identity,trial_strato/pstratoswhtp,48,30,18,24,6,17,1,0,7,10,0,1,0,
webshield,auth_identity,base_piensa/phosmwppiensaprd,41,41,0,41,0,0,0,0,0,0,0,0,0,
webshield,auth_identity,base_arsys/phosmwpsysbap,38,38,0,38,0,0,0,0,0,0,0,0,0,
webshield,auth_identity,base_homepl/phosmwphomeplprd,38,38,0,38,0,0,0,0,0,0,0,0,0,
webshield,auth_identity,base_homepl/phosmwphomeplbap,37,37,0,37,0,0,0,0,0,0,0,0,0,
webshield,auth_identity,base_arsys/phosmwpsysprd,36,36,0,36,0,0,0,0,0,0,0,0,0,
webshield,auth_identity,UDAG/phosmwpudagprdbap,35,35,0,35,0,0,0,0,0,0,0,0,0,
webshield,auth_identity,UDAG/phosmwpudagprd,32,32,0,32,0,0,0,0,0,0,0,0,0,
webshield,auth_identity,/phowhicprd,24,24,0,0,24,0,0,0,0,0,0,0,0,
webshield,auth_identity,base_webde/phosmwpwebdeprdbap,17,15,2,15,0,0,2,0,0,0,0,0,0,"{""422"": 2}"
webshield,auth_identity,sandbox_mws8_oneandone/photniomwsprod,17,17,0,17,0,0,0,0,0,0,0,0,0,
webshield,auth_identity,sandbox_worldforyou/photnw4ywaasqa,16,16,0,16,0,0,0,0,0,0,0,0,0,
webshield,auth_identity,base_gmxde/phosmwpgmxprd,8,8,0,8,0,0,0,0,0,0,0,0,0,
webshield,auth_identity,base_webde/phosmwpwebdeprd,6,6,0,6,0,0,0,0,0,0,0,0,0,
webshield,auth_identity,sandbox_piensa/ppiensawaasqa,6,6,0,6,0,0,0,0,0,0,0,0,0,
webshield,auth_identity,base_gmxde/phosmwpgmxprdbap,4,4,0,4,0,0,0,0,0,0,0,0,0,
webshield,auth_identity,trial_strato/phosmwpstrasndbprd,1,1,0,1,0,0,0,0,0,0,0,0,0,
webshield,verb,GET,5745724,5745724,0,5700905,44819,0,0,0,0,0,0,0,0,
webshield,verb,POST,161325,0,161325,0,0,159712,1613,0,159712,0,0,37,0,"{""400"": 1181, ""401"": 160, ""403"": 96, ""408"": 6, ""422"": 78, ""502"": 55}"
webshield,verb,DELETE,124748,0,124748,0,0,124194,554,21,124173,0,2,26,0,"{""401"": 242, ""403"": 144, ""405"": 8, ""408"": 6, ""422"": 37, ""429"": 11, ""502"": 78}"
webshield,verb,PUT,86778,0,86778,0,0,86054,724,0,35575,50479,11,1,0,"{""400"": 96, ""401"": 439, ""403"": 144, ""422"": 24, ""429"": 9}"
webshield,verb,PATCH,59187,0,59187,0,0,58368,819,0,58368,0,0,0,0,"{""400"": 106, ""401"": 80, ""403"": 48, ""408"": 2, ""422"": 583}"
redirects,local_day,2026-09-29,65379,1278,64101,123,1155,62500,1601,0,62500,0,0,24,0,"{""400"": 33, ""401"": 30, ""403"": 18, ""408"": 2, ""429"": 1437, ""502"": 57}"
redirects,local_day,2026-09-28,58419,1155,57264,145,1010,57065,199,0,57065,0,0,25,0,"{""400"": 61, ""401"": 60, ""403"": 36, ""408"": 1, ""429"": 9, ""502"": 7}"
redirects,local_day,2026-09-25,57246,1215,56031,107,1108,55860,171,0,55860,0,0,24,0,"{""400"": 41, ""401"": 30, ""403"": 18, ""408"": 1, ""429"": 53, ""502"": 4}"
redirects,local_day,2026-09-26,55857,767,55090,77,690,54971,119,0,54971,0,1,13,0,"{""400"": 41, ""401"": 30, ""403"": 18, ""408"": 1, ""429"": 15}"
redirects,local_day,2026-09-24,50371,871,49500,113,758,49330,170,0,49330,0,1,67,0,"{""400"": 47, ""401"": 30, ""403"": 18, ""408"": 1, ""429"": 6}"
redirects,local_day,2026-09-27,41692,824,40868,81,743,40749,119,0,40749,0,0,18,0,"{""400"": 41, ""401"": 30, ""403"": 18, ""429"": 5, ""502"": 7}"
redirects,local_day,2026-09-30,20881,317,20564,74,243,20463,101,0,20463,0,0,11,0,"{""400"": 26, ""401"": 30, ""403"": 18, ""408"": 1, ""429"": 15}"
redirects,local_day,2026-09-23,116,2,114,1,1,113,1,0,113,0,0,1,0,
redirects,url_tenant,Domains,236129,157,235972,101,56,235942,30,0,235942,0,2,6,0,"{""408"": 4, ""429"": 5, ""502"": 13}"
redirects,url_tenant,base_strato,98287,5002,93285,0,5002,91581,1704,0,91581,0,0,105,0,"{""408"": 2, ""429"": 1535, ""502"": 62}"
redirects,url_tenant,qa_whic,8790,834,7956,488,346,7412,544,0,7412,0,0,62,0,"{""400"": 290, ""401"": 120, ""403"": 72}"
redirects,url_tenant,OneAndOne,2945,0,2945,0,0,2944,1,0,2944,0,0,0,0,"{""408"": 1}"
redirects,url_tenant,base_fasthosts,1931,0,1931,0,0,1931,0,0,1931,0,0,0,0,
redirects,url_tenant,sandbox_qa_whic,658,339,319,59,280,127,192,0,127,0,0,0,0,"{""401"": 120, ""403"": 72}"
redirects,url_tenant,base_webde,425,53,372,50,3,362,10,0,362,0,0,10,0,
redirects,url_tenant,base_gmxde,229,17,212,17,0,212,0,0,212,0,0,0,0,
redirects,url_tenant,base_homepl,188,0,188,0,0,188,0,0,188,0,0,0,0,
redirects,url_tenant,UDAG,126,0,126,0,0,126,0,0,126,0,0,0,0,
redirects,url_tenant,base_arsys,88,0,88,0,0,88,0,0,88,0,0,0,0,
redirects,url_tenant,base_piensa,75,0,75,0,0,75,0,0,75,0,0,0,0,
redirects,url_tenant,base_worldforyou,54,27,27,6,21,27,0,0,27,0,0,0,0,
redirects,url_tenant,dnd_qa_whic,24,0,24,0,0,24,0,0,24,0,0,0,0,
redirects,url_tenant,trial_strato,12,0,12,0,0,12,0,0,12,0,0,0,0,
redirects,auth_identity,Domains/pdnswaasprod,231123,0,231123,0,0,231093,30,0,231093,0,2,6,0,"{""408"": 4, ""429"": 5, ""502"": 13}"
redirects,auth_identity,base_strato/pstratoswhp,95285,5002,90283,0,5002,88579,1704,0,88579,0,0,105,0,"{""408"": 2, ""429"": 1535, ""502"": 62}"
redirects,auth_identity,qa_whic/phosbenchmarkprd,4557,0,4557,0,0,4557,0,0,4557,0,0,0,0,
redirects,auth_identity,qa_whic/phowhicprd,3905,674,3231,480,194,2855,376,0,2855,0,0,62,0,"{""400"": 290, ""403"": 24}"
redirects,auth_identity,Domains/pdnsarsyswaasprod,3165,0,3165,0,0,3165,0,0,3165,0,0,0,0,
redirects,auth_identity,OneAndOne/phosmwpionosprdbap,1902,0,1902,0,0,1901,1,0,1901,0,0,0,0,"{""408"": 1}"
redirects,auth_identity,Domains/pdnspiensawaasprod,1684,0,1684,0,0,1684,0,0,1684,0,0,0,0,
redirects,auth_identity,base_strato/phosmwpstratobap,1635,0,1635,0,0,1635,0,0,1635,0,0,0,0,
redirects,auth_identity,base_strato/phosmwpstratoprd,1367,0,1367,0,0,1367,0,0,1367,0,0,0,0,
redirects,auth_identity,base_fasthosts/phosmwpfasthprdbap,1052,0,1052,0,0,1052,0,0,1052,0,0,0,0,
redirects,auth_identity,OneAndOne/phosmwpionosprd,1043,0,1043,0,0,1043,0,0,1043,0,0,0,0,
redirects,auth_identity,base_fasthosts/phosmwpfasthprd,879,0,879,0,0,879,0,0,879,0,0,0,0,
redirects,auth_identity,/<user not set>,400,160,240,0,160,0,240,0,0,0,0,0,0,"{""401"": 240}"
redirects,auth_identity,base_webde/phosmamdomprd,382,53,329,50,3,319,10,0,319,0,0,10,0,
redirects,auth_identity,sandbox_qa_whic/phowhicprd,378,227,151,51,176,127,24,0,127,0,0,0,0,"{""403"": 24}"
redirects,auth_identity,base_gmxde/phosmamdomprd,179,17,162,17,0,162,0,0,162,0,0,0,0,
redirects,auth_identity,Domains/photlwaascheckprd,157,157,0,101,56,0,0,0,0,0,0,0,0,
redirects,auth_identity,base_homepl/phosmwphomeplprd,97,0,97,0,0,97,0,0,97,0,0,0,0,
redirects,auth_identity,base_homepl/phosmwphomeplbap,91,0,91,0,0,91,0,0,91,0,0,0,0,
redirects,auth_identity,qa_whic/phowhicrdrprd,80,32,48,8,24,0,48,0,0,0,0,0,0,"{""403"": 48}"
redirects,auth_identity,sandbox_qa_whic/phowhicrdrprd,80,32,48,8,24,0,48,0,0,0,0,0,0,"{""403"": 48}"
redirects,auth_identity,UDAG/phosmwpudagprd,74,0,74,0,0,74,0,0,74,0,0,0,0,
redirects,auth_identity,base_worldforyou/photnw4ywaasprod,54,27,27,6,21,27,0,0,27,0,0,0,0,
redirects,auth_identity,UDAG/phosmwpudagprdbap,52,0,52,0,0,52,0,0,52,0,0,0,0,
redirects,auth_identity,base_arsys/phosmwpsysbap,49,0,49,0,0,49,0,0,49,0,0,0,0,
redirects,auth_identity,/phowhicprd,48,48,0,0,48,0,0,0,0,0,0,0,0,
redirects,auth_identity,base_piensa/phosmwppiensaprdbap,43,0,43,0,0,43,0,0,43,0,0,0,0,
redirects,auth_identity,base_arsys/phosmwpsysprd,39,0,39,0,0,39,0,0,39,0,0,0,0,
redirects,auth_identity,base_piensa/phosmwppiensaprd,32,0,32,0,0,32,0,0,32,0,0,0,0,
redirects,auth_identity,base_gmxde/phosmwpgmxprdbap,27,0,27,0,0,27,0,0,27,0,0,0,0,
redirects,auth_identity,dnd_qa_whic/phowhicprd,24,0,24,0,0,24,0,0,24,0,0,0,0,
redirects,auth_identity,base_gmxde/phosmwpgmxprd,23,0,23,0,0,23,0,0,23,0,0,0,0,
redirects,auth_identity,base_webde/phosmwpwebdeprd,22,0,22,0,0,22,0,0,22,0,0,0,0,
redirects,auth_identity,base_webde/phosmwpwebdeprdbap,21,0,21,0,0,21,0,0,21,0,0,0,0,
redirects,auth_identity,trial_strato/pstratoswhtp,10,0,10,0,0,10,0,0,10,0,0,0,0,
redirects,auth_identity,trial_strato/phosmwpstrasndbprd,2,0,2,0,0,2,0,0,2,0,0,0,0,
redirects,verb,POST,191748,0,191748,0,0,191112,636,0,191112,0,0,183,0,"{""400"": 238, ""401"": 80, ""403"": 48, ""408"": 4, ""429"": 73, ""502"": 10}"
redirects,verb,DELETE,127270,0,127270,0,0,126513,757,0,126513,0,2,0,0,"{""401"": 80, ""403"": 48, ""408"": 3, ""429"": 578, ""502"": 46}"
redirects,verb,PUT,24514,0,24514,0,0,23426,1088,0,23426,0,0,0,0,"{""400"": 52, ""401"": 80, ""403"": 48, ""429"": 889, ""502"": 19}"
redirects,verb,GET,6429,6429,0,721,5708,0,0,0,0,0,0,0,0,
